model,model_key,lambda,run_seed,epoch,lr,phase,loss,cls_loss,reg_loss,acc,tol1_acc,ang_mae_deg,fr,spikes_per_sample,synops_per_sample
ConvRecSNN,conv_snn,0.0,274,1,0.001879422863405995,train,1.9641906852722169,1.9641906852722169,0.0,0.452,0.813,11.9766427192688,0.06500337365269661,7001.6435,1350703.347
ConvRecSNN,conv_snn,0.0,274,1,0.001879422863405995,val,0.9958482170104981,0.9958482170104981,0.0,0.85375,1.0,1.6389392662048339,0.056391104310750964,6073.99875,1172115.285
ConvRecSNN,conv_snn,0.0,274,2,0.0015500000000000002,train,1.0826402187347413,1.0826402187347413,0.0,0.77875,0.99175,2.4787006530761717,0.05497835740447044,5921.829,1143537.908
ConvRecSNN,conv_snn,0.0,274,2,0.0015500000000000002,val,0.7529364204406739,0.7529364204406739,0.0,0.90125,1.0,1.7766645288467406,0.05150197863578796,5547.38125,1070944.71
ConvRecSNN,conv_snn,0.0,274,3,0.0011,train,0.9519721431732178,0.9519721431732178,0.0,0.83275,0.99275,2.5088444786071777,0.05376645943522453,5791.293,1117639.904
ConvRecSNN,conv_snn,0.0,274,3,0.0011,val,0.6704415464401245,0.6704415464401245,0.0,0.9375,1.0,1.584361391067505,0.05394799172878265,5810.84625,1121705.67
ConvRecSNN,conv_snn,0.0,274,4,0.0006500000000000003,train,0.8069854555130005,0.8069854555130005,0.0,0.8925,0.99525,2.148758973121643,0.055195673406124114,5945.2365,1147131.967
ConvRecSNN,conv_snn,0.0,274,4,0.0006500000000000003,val,0.5220643138885498,0.5220643138885498,0.0,0.98875,1.0,1.3608074569702149,0.054003057926893236,5816.7775,1122997.21
ConvRecSNN,conv_snn,0.0,274,5,0.0003205771365940052,train,0.6983825302124024,0.6983825302124024,0.0,0.94025,0.9955,1.997910945892334,0.05718761014938355,6159.792,1189541.248
ConvRecSNN,conv_snn,0.0,274,5,0.0003205771365940052,val,0.49358749985694883,0.49358749985694883,0.0,0.9975,1.0,1.3508016300201415,0.055819231569767,6012.40125,1161621.255
ConvRecSNN,conv_snn,0.0,274,6,0.0002,train,0.6564912195205689,0.6564912195205689,0.0,0.95275,0.9965,1.9969136791229247,0.058969572544097903,6351.73075,1227260.262
ConvRecSNN,conv_snn,0.0,274,6,0.0002,val,0.4803487277030945,0.4803487277030945,0.0,0.9975,1.0,1.4530767059326173,0.057836358696222306,6229.67,1204360.29
ConvRecSNN,conv_snn,0.03,274,1,0.001879422863405995,train,2.0343253660202025,2.0323702640533448,0.0019550966136157514,0.4195,0.803,12.831171501159668,0.06516988888382912,7019.57925,1353043.021
ConvRecSNN,conv_snn,0.03,274,1,0.001879422863405995,val,1.0733379316329956,1.0715731143951417,0.0017648192960768938,0.80625,1.0,1.9659850978851319,0.0588273112475872,6336.4075,1222182.45
ConvRecSNN,conv_snn,0.03,274,2,0.0015500000000000002,train,1.114403618812561,1.112688895225525,0.0017147253006696702,0.763,0.99225,2.5581730937957765,0.05715751123428345,6156.55,1187841.954
ConvRecSNN,conv_snn,0.03,274,2,0.0015500000000000002,val,0.7192507243156433,0.7175567197799683,0.0016940068732947111,0.94125,1.0,1.6087156629562378,0.056466896831989286,6082.1625,1173796.515
ConvRecSNN,conv_snn,0.03,274,3,0.0011,train,0.9236283416748047,0.9219109621047974,0.001717382661998272,0.851,0.99425,2.466370099067688,0.05724608996510506,6166.091,1189412.64
ConvRecSNN,conv_snn,0.03,274,3,0.0011,val,0.6227587890625,0.6211253762245178,0.0016334234410896897,0.9525,1.0,1.4441533946990968,0.05444744914770126,5864.64375,1130701.975
ConvRecSNN,conv_snn,0.03,274,4,0.0006500000000000003,train,0.7764737629890441,0.7746754627227783,0.00179830177500844,0.90725,0.99575,2.0989841871261596,0.05994339406490326,6456.623,1245740.855
ConvRecSNN,conv_snn,0.03,274,4,0.0006500000000000003,val,0.5315686655044556,0.5298138999938965,0.0017547674849629402,0.99125,1.0,1.2517119884490966,0.05849225103855133,6300.3175,1215256.675
ConvRecSNN,conv_snn,0.03,274,5,0.0003205771365940052,train,0.7001483025550842,0.6982853765487671,0.0018629289092496038,0.93625,0.9955,1.9817679195404052,0.062097631633281705,6688.66025,1290896.037
ConvRecSNN,conv_snn,0.03,274,5,0.0003205771365940052,val,0.4990408444404602,0.49719762563705444,0.0018432127078995108,0.995,1.0,1.3836023712158203,0.06144042506814003,6617.87125,1277744.87
ConvRecSNN,conv_snn,0.03,274,6,0.0002,train,0.6530760593414306,0.6511131143569946,0.0019629456158727406,0.9525,0.996,2.030283086776733,0.06543152213096619,7047.76025,1361016.001
ConvRecSNN,conv_snn,0.03,274,6,0.0002,val,0.4872884523868561,0.4853483128547669,0.001940141338855028,0.9975,1.0,1.4354208946228026,0.06467137932777405,6965.88375,1345073.57
ConvRecSNN,conv_snn,0.1,274,1,0.001879422863405995,train,2.0171705503463744,2.010908899307251,0.006261655569076538,0.434,0.7975,11.576558349609375,0.06261655473709106,6744.5545,1300181.31
ConvRecSNN,conv_snn,0.1,274,1,0.001879422863405995,val,1.033866400718689,1.0282870817184449,0.005579321477562189,0.87625,1.0,1.4919330644607545,0.055793213546276095,6009.59875,1159045.905
ConvRecSNN,conv_snn,0.1,274,2,0.0015500000000000002,train,1.130561613559723,1.1248720636367797,0.005689551025629043,0.75975,0.98675,2.6146383075714112,0.05689550930261612,6128.32925,1182440.129
ConvRecSNN,conv_snn,0.1,274,2,0.0015500000000000002,val,0.737978401184082,0.7324823832511902,0.005496014822274447,0.925,1.0,1.3965334129333495,0.05496014699339866,5919.8675,1143150.99
ConvRecSNN,conv_snn,0.1,274,3,0.0011,train,0.891335223197937,0.8855585594177247,0.005776665486395359,0.8675,0.995,2.292688587188721,0.05776665398478508,6222.162,1200896.584
ConvRecSNN,conv_snn,0.1,274,3,0.0011,val,0.5793906426429749,0.573804898262024,0.0055857471562922,0.97625,1.0,1.2853681087493896,0.055857470631599425,6016.52,1161870.88
ConvRecSNN,conv_snn,0.1,274,4,0.0006500000000000003,train,0.7722631416320801,0.7664018201828003,0.0058613232299685476,0.8975,0.99275,2.2800224208831787,0.058613231122493746,6313.3485,1219050.897
ConvRecSNN,conv_snn,0.1,274,4,0.0006500000000000003,val,0.550008053779602,0.544145586490631,0.005862473528832197,0.97375,1.0,1.402609610557556,0.05862473413348198,6314.5875,1219969.575
ConvRecSNN,conv_snn,0.1,274,5,0.0003205771365940052,train,0.697249195098877,0.6910105876922608,0.006238607257604599,0.931,0.99475,2.2254565925598144,0.06238607186079025,6719.72875,1298145.201
ConvRecSNN,conv_snn,0.1,274,5,0.0003205771365940052,val,0.49816095948219297,0.49208616256713866,0.006074797734618187,0.9975,1.0,1.3978816699981689,0.060747977048158645,6543.28625,1264496.15
ConvRecSNN,conv_snn,0.1,274,6,0.0002,train,0.6336565580368042,0.6273562150001526,0.006300343930721283,0.956,0.9955,2.099785575866699,0.06300343835353851,6786.2265,1311873.847
ConvRecSNN,conv_snn,0.1,274,6,0.0002,val,0.4808068072795868,0.4746287262439728,0.006178081277757883,0.9975,1.0,1.5034351205825807,0.06178081154823303,6654.535,1286931.395
ConvRecSNN,conv_snn,0.3,274,1,0.001879422863405995,train,2.0588249225616453,2.0401373682022093,0.018687562942504884,0.4365,0.772,14.018087387084961,0.06229187387228012,6709.5825,1293843.827
ConvRecSNN,conv_snn,0.3,274,1,0.001879422863405995,val,1.025237421989441,1.008467025756836,0.016770398542284966,0.8325,1.0,1.6951146459579467,0.055901325941085815,6021.24375,1162240.525
ConvRecSNN,conv_snn,0.3,274,2,0.0015500000000000002,train,1.1026677370071412,1.0856972455978393,0.01697049605846405,0.782,0.993,2.5039550342559815,0.05656831738352776,6093.08675,1175983.057
ConvRecSNN,conv_snn,0.3,274,2,0.0015500000000000002,val,0.6947810173034668,0.6786214065551758,0.01615961320698261,0.95,1.0,1.25147789478302,0.05386537566781044,5801.9475,1119868.31
ConvRecSNN,conv_snn,0.3,274,3,0.0011,train,0.8918951625823974,0.8748899474143982,0.017005214244127275,0.86425,0.9925,2.233784942626953,0.056684045135974886,6105.552,1178494.44
ConvRecSNN,conv_snn,0.3,274,3,0.0011,val,0.5980773329734802,0.5809956192970276,0.017081718295812606,0.9775,1.0,1.371479263305664,0.05693905815482139,6133.02,1183034.765
ConvRecSNN,conv_snn,0.3,274,4,0.0006500000000000003,train,0.782878125667572,0.7652323036193848,0.017645821928977967,0.9085,0.9935,2.107243580818176,0.05881940358877182,6335.55575,1222824.397
ConvRecSNN,conv_snn,0.3,274,4,0.0006500000000000003,val,0.5314797186851501,0.5140589928627014,0.01742072992026806,0.995,1.0,1.3615420007705687,0.05806909754872322,6254.73875,1208082.03
ConvRecSNN,conv_snn,0.3,274,5,0.0003205771365940052,train,0.6998881678581238,0.6816531438827514,0.018235026240348815,0.94275,0.996,2.0443950061798097,0.06078341859579086,6547.10375,1264462.133
ConvRecSNN,conv_snn,0.3,274,5,0.0003205771365940052,val,0.5049331116676331,0.4869431710243225,0.017989941984415055,0.99875,1.0,1.4182421636581422,0.05996647149324417,6459.10875,1247926.945
ConvRecSNN,conv_snn,0.3,274,6,0.0002,train,0.6464162859916687,0.6275821595191956,0.018834125444293023,0.95875,0.99575,2.0417665119171144,0.06278041565418244,6762.20425,1306593.836
ConvRecSNN,conv_snn,0.3,274,6,0.0002,val,0.4951311135292053,0.4767035150527954,0.01842759519815445,0.99875,1.0,1.4827880573272705,0.06142531514167786,6616.24375,1278540.385
ConvRecSNN,conv_snn,1.0,274,1,0.001879422863405995,train,2.1119589529037475,2.0538536081314085,0.058105351358652114,0.42575,0.7675,13.881058525085448,0.058105351358652114,6258.64375,1206553.953
ConvRecSNN,conv_snn,1.0,274,1,0.001879422863405995,val,1.1183020305633544,1.0669661569595337,0.05133586436510086,0.7925,1.0,2.01419997215271,0.05133586436510086,5529.48875,1067903.545
ConvRecSNN,conv_snn,1.0,274,2,0.0015500000000000002,train,1.159517457485199,1.106123487472534,0.05339396834373474,0.77475,0.9875,2.5538125867843626,0.05339396834373474,5751.17125,1110017.213
ConvRecSNN,conv_snn,1.0,274,2,0.0015500000000000002,val,0.8132493448257446,0.7615079832077026,0.051741354763507844,0.8925,1.0,1.6481873512268066,0.051741354763507844,5573.165,1076223.96
ConvRecSNN,conv_snn,1.0,274,3,0.0011,train,0.9177776045799255,0.8615584344863891,0.05621916887164116,0.88175,0.99525,2.1839852313995363,0.05621916887164116,6055.47925,1169032.363
ConvRecSNN,conv_snn,1.0,274,3,0.0011,val,0.6436488890647888,0.5906017351150513,0.05304715171456337,0.96875,1.0,1.268105878829956,0.05304715171456337,5713.815,1103615.155
ConvRecSNN,conv_snn,1.0,274,4,0.0006500000000000003,train,0.8272527351379394,0.7701771793365478,0.05707555866241455,0.90475,0.99325,2.069792371749878,0.05707555866241455,6147.72275,1187092.649
ConvRecSNN,conv_snn,1.0,274,4,0.0006500000000000003,val,0.6090634417533874,0.5536794018745422,0.055384043455123905,0.97125,1.0,1.4214877843856812,0.055384043455123905,5965.52625,1152311.55
ConvRecSNN,conv_snn,1.0,274,5,0.0003205771365940052,train,0.7584150586128234,0.6966113662719726,0.06180369746685028,0.92575,0.996,2.080927175521851,0.06180369746685028,6657.0,1285780.486
ConvRecSNN,conv_snn,1.0,274,5,0.0003205771365940052,val,0.5682611680030822,0.5077500915527344,0.06051108375191688,0.9925,1.0,1.3892436742782592,0.06051108375191688,6517.77,1259494.825
ConvRecSNN,conv_snn,1.0,274,6,0.0002,train,0.7135819525718688,0.6507177677154541,0.06286418724060058,0.94875,0.99675,2.04414831161499,0.06286418724060058,6771.2275,1308351.779
ConvRecSNN,conv_snn,1.0,274,6,0.0002,val,0.5418844151496888,0.4819884502887726,0.05989595964550972,0.99625,1.0,1.4910843753814698,0.05989595964550972,6451.51375,1246929.98
FlatLIFSNN,flat_snn,0.0,274,1,0.001879422863405995,train,2.405588274002075,2.405588274002075,0.0,0.4005,0.766,15.995007678985596,0.3058219497203827,2583.58375,208733.193
FlatLIFSNN,flat_snn,0.0,274,1,0.001879422863405995,val,1.2592213916778565,1.2592213916778565,0.0,0.875,0.99875,2.386651258468628,0.40279283285140993,3402.79375,264021.07
FlatLIFSNN,flat_snn,0.0,274,2,0.0015500000000000002,train,1.2515286140441895,1.2515286140441895,0.0,0.75975,0.9755,3.202523885726929,0.4041419987678528,3414.1915,262663.011
FlatLIFSNN,flat_snn,0.0,274,2,0.0015500000000000002,val,0.8150518941879272,0.8150518941879272,0.0,0.96625,0.9975,1.6653242588043213,0.4202198898792267,3550.0175,274553.165
FlatLIFSNN,flat_snn,0.0,274,3,0.0011,train,0.9564540014266968,0.9564540014266968,0.0,0.864,0.99,2.482929256439209,0.40891735911369326,3454.53375,265099.502
FlatLIFSNN,flat_snn,0.0,274,3,0.0011,val,0.6241824364662171,0.6241824364662171,0.0,0.9975,1.0,1.3492729568481445,0.4221511137485504,3566.3325,276598.245
FlatLIFSNN,flat_snn,0.0,274,4,0.0006500000000000003,train,0.7977420520782471,0.7977420520782471,0.0,0.92625,0.9955,2.0436248960494994,0.4124133949279785,3484.06825,266986.282
FlatLIFSNN,flat_snn,0.0,274,4,0.0006500000000000003,val,0.5559907746315003,0.5559907746315003,0.0,0.99875,1.0,1.5595420074462891,0.42450551509857176,3586.2225,277754.045
FlatLIFSNN,flat_snn,0.0,274,5,0.0003205771365940052,train,0.7143129067420959,0.7143129067420959,0.0,0.95075,0.9995,1.9112442989349365,0.4137289423942566,3495.182,267454.181
FlatLIFSNN,flat_snn,0.0,274,5,0.0003205771365940052,val,0.5220569086074829,0.5220569086074829,0.0,1.0,1.0,1.5711814403533935,0.42579872131347657,3597.1475,278329.275
FlatLIFSNN,flat_snn,0.0,274,6,0.0002,train,0.6610391368865967,0.6610391368865967,0.0,0.97525,0.999,1.7367593193054198,0.4154029774665833,3509.32425,268541.177
FlatLIFSNN,flat_snn,0.0,274,6,0.0002,val,0.5114915657043457,0.5114915657043457,0.0,1.0,1.0,1.5862991619110107,0.4262412846088409,3600.88625,278490.78
FlatLIFSNN,flat_snn,0.03,274,1,0.001879422863405995,train,2.4187539138793945,2.4098035430908205,0.008950380012392997,0.389,0.75575,17.45385606765747,0.2983460077047348,2520.427,202870.216
FlatLIFSNN,flat_snn,0.03,274,1,0.001879422863405995,val,1.2755444288253783,1.263617467880249,0.01192694876343012,0.90125,0.99625,3.0685262966156004,0.3975649654865265,3358.62875,259831.555
FlatLIFSNN,flat_snn,0.03,274,2,0.0015500000000000002,train,1.2746067895889281,1.262744122505188,0.011862671509385109,0.75475,0.97325,3.4240732555389406,0.39542239212989805,3340.52825,255803.468
FlatLIFSNN,flat_snn,0.03,274,2,0.0015500000000000002,val,0.8111392378807067,0.7987925100326538,0.012346719801425933,0.98,0.99875,1.2852380895614623,0.41155733704566955,3476.83625,268162.165
FlatLIFSNN,flat_snn,0.03,274,3,0.0011,train,0.9688993620872498,0.9569202709197998,0.011979091055691242,0.8615,0.98925,2.535783449172974,0.39930304312705994,3373.312,257025.98
FlatLIFSNN,flat_snn,0.03,274,3,0.0011,val,0.6358021903038025,0.6233444356918335,0.012457754835486412,0.99875,1.0,1.3207460021972657,0.4152585065364838,3508.10375,270065.31
FlatLIFSNN,flat_snn,0.03,274,4,0.0006500000000000003,train,0.8137748155593872,0.8017000713348389,0.012074742592871189,0.91825,0.996,2.1177882213592527,0.4024914288520813,3400.2475,258803.855
FlatLIFSNN,flat_snn,0.03,274,4,0.0006500000000000003,val,0.565269570350647,0.5528016901016235,0.012467875815927983,0.99875,1.0,1.4638452672958373,0.4155958640575409,3510.95375,270067.745
FlatLIFSNN,flat_snn,0.03,274,5,0.0003205771365940052,train,0.7236222219467163,0.7115166630744935,0.01210555849224329,0.948,0.998,1.9184921188354491,0.4035186257362366,3408.92525,259523.285
FlatLIFSNN,flat_snn,0.03,274,5,0.0003205771365940052,val,0.5332436823844909,0.5207355165481568,0.012508172132074833,1.0,1.0,1.5495995903015136,0.4169390833377838,3522.30125,270945.225
FlatLIFSNN,flat_snn,0.03,274,6,0.0002,train,0.6734394106864929,0.6612920169830322,0.012147395335137845,0.97325,0.99975,1.771029317855835,0.40491318607330323,3420.7065,260444.969
FlatLIFSNN,flat_snn,0.03,274,6,0.0002,val,0.521568284034729,0.5090759944915771,0.012492294162511826,1.0,1.0,1.556700258255005,0.4164098167419434,3517.83,270648.56
FlatLIFSNN,flat_snn,0.1,274,1,0.001879422863405995,train,2.433749858856201,2.405151226043701,0.028598643116652965,0.38925,0.76075,16.029956218719484,0.28598642694950105,2416.01325,195136.369
FlatLIFSNN,flat_snn,0.1,274,1,0.001879422863405995,val,1.3300641345977784,1.2911020374298097,0.03896209344267845,0.8175,0.99875,2.132475528717041,0.38962092995643616,3291.5175,257258.23
FlatLIFSNN,flat_snn,0.1,274,2,0.0015500000000000002,train,1.288705864906311,1.2503398180007934,0.03836604717373848,0.757,0.976,3.155032886505127,0.3836604645252228,3241.1635,249350.647
FlatLIFSNN,flat_snn,0.1,274,2,0.0015500000000000002,val,0.8431823110580444,0.8031308746337891,0.04005143418908119,0.9675,0.99875,1.2170368003845216,0.4005143344402313,3383.545,263038.66
FlatLIFSNN,flat_snn,0.1,274,3,0.0011,train,0.9841394691467286,0.9453723955154419,0.038767076909542085,0.87475,0.99,2.4227339859008787,0.38767076110839843,3275.0425,250785.663
FlatLIFSNN,flat_snn,0.1,274,3,0.0011,val,0.6657728409767151,0.6254269671440125,0.04034588277339935,0.995,1.0,1.3533208274841309,0.4034588181972504,3408.42,264570.685
FlatLIFSNN,flat_snn,0.1,274,4,0.0006500000000000003,train,0.8330054674148559,0.7942113237380981,0.038794145554304126,0.92,0.9965,2.1221343965530397,0.38794144916534423,3277.32925,250726.122
FlatLIFSNN,flat_snn,0.1,274,4,0.0006500000000000003,val,0.5910634398460388,0.5505929160118103,0.04047052785754204,0.99625,1.0,1.4684524583816527,0.40470526576042176,3418.95,265557.77
FlatLIFSNN,flat_snn,0.1,274,5,0.0003205771365940052,train,0.743873911857605,0.7049462485313416,0.03892766544222832,0.94925,0.99825,1.889488416671753,0.3892766463756561,3288.609,251625.635
FlatLIFSNN,flat_snn,0.1,274,5,0.0003205771365940052,val,0.559905960559845,0.5195234870910644,0.040382473915815356,1.0,1.0,1.5081100702285766,0.40382473468780516,3411.51125,264903.575
FlatLIFSNN,flat_snn,0.1,274,6,0.0002,train,0.700236852645874,0.6612332401275635,0.0390036181807518,0.9705,1.0,1.7757870206832886,0.3900361728668213,3295.0255,252276.172
FlatLIFSNN,flat_snn,0.1,274,6,0.0002,val,0.5452334141731262,0.5048333287239075,0.040400081425905225,0.99875,1.0,1.5665122270584106,0.40400080680847167,3412.99875,265216.22
FlatLIFSNN,flat_snn,0.3,274,1,0.001879422863405995,train,2.5373750314712527,2.460393165588379,0.07698185136914253,0.36125,0.719,19.061185543060304,0.2566061580181122,2167.80875,177102.851
FlatLIFSNN,flat_snn,0.3,274,1,0.001879422863405995,val,1.4440877103805543,1.3362113952636718,0.10787629514932633,0.79,0.99875,1.8122460651397705,0.35958763599395754,3037.79625,238909.315
FlatLIFSNN,flat_snn,0.3,274,2,0.0015500000000000002,train,1.3729815549850464,1.267722632408142,0.10525892108678818,0.762,0.98175,3.13917737197876,0.3508630545139313,2964.091,229387.482
FlatLIFSNN,flat_snn,0.3,274,2,0.0015500000000000002,val,0.9223040056228637,0.8113621020317078,0.11094190329313278,0.98625,1.0,1.3364140892028809,0.3698063278198242,3124.12375,244017.185
FlatLIFSNN,flat_snn,0.3,274,3,0.0011,train,1.0507344961166383,0.9450812916755676,0.10565320426225662,0.88025,0.99275,2.3422910079956054,0.3521773316860199,2975.194,228693.425
FlatLIFSNN,flat_snn,0.3,274,3,0.0011,val,0.7384487700462341,0.6274022936820984,0.11104648381471634,0.99375,1.0,1.4510547065734862,0.3701549291610718,3127.06875,244439.57
FlatLIFSNN,flat_snn,0.3,274,4,0.0006500000000000003,train,0.8977218422889709,0.7927258529663086,0.10499598556756973,0.92275,0.9965,2.0880867309570315,0.34998660516738894,2956.68675,227438.893
FlatLIFSNN,flat_snn,0.3,274,4,0.0006500000000000003,val,0.6597853350639343,0.5496451950073242,0.11014014452695847,1.0,1.0,1.5058541488647461,0.36713379979133604,3101.54625,243148.39
FlatLIFSNN,flat_snn,0.3,274,5,0.0003205771365940052,train,0.8018832345008851,0.6971131725311279,0.10477006357908249,0.9625,0.99875,1.8391990089416503,0.3492335293292999,2950.32475,227700.957
FlatLIFSNN,flat_snn,0.3,274,5,0.0003205771365940052,val,0.6270458698272705,0.5172693181037903,0.10977655231952667,1.0,1.0,1.5454420471191406,0.36592182636260984,3091.3075,242907.445
FlatLIFSNN,flat_snn,0.3,274,6,0.0002,train,0.752649133682251,0.6480806674957276,0.10456846451759338,0.979,1.0,1.7150331478118896,0.34856153225898745,2944.64775,227617.749
FlatLIFSNN,flat_snn,0.3,274,6,0.0002,val,0.6137179493904114,0.5043179941177368,0.10939995437860489,1.0,1.0,1.5649210405349732,0.36466650128364564,3080.7025,242432.745
FlatLIFSNN,flat_snn,1.0,274,1,0.001879422863405995,train,2.7785561656951905,2.5960919666290283,0.18246419739723205,0.34325,0.67,25.38765482711792,0.18246419739723205,1541.4575,128260.836
FlatLIFSNN,flat_snn,1.0,274,1,0.001879422863405995,val,1.657940034866333,1.3697642993927002,0.28817576050758364,0.77875,0.99875,2.9942309856414795,0.28817576050758364,2434.50875,191497.435
FlatLIFSNN,flat_snn,1.0,274,2,0.0015500000000000002,train,1.544512858390808,1.2745691442489624,0.26994372296333313,0.754,0.9785,3.2666508712768554,0.26994372296333313,2280.4845,174752.942
FlatLIFSNN,flat_snn,1.0,274,2,0.0015500000000000002,val,1.1271653699874877,0.8368416118621826,0.2903237497806549,0.97125,1.0,1.4934326648712157,0.2903237497806549,2452.655,191492.325
FlatLIFSNN,flat_snn,1.0,274,3,0.0011,train,1.2200509395599366,0.9542421426773071,0.26580880999565126,0.8745,0.994,2.399361042022705,0.26580880999565126,2245.55275,170762.355
FlatLIFSNN,flat_snn,1.0,274,3,0.0011,val,0.938482027053833,0.6543279266357422,0.2841540956497192,0.9825,1.0,1.270173978805542,0.2841540956497192,2400.53375,187189.69
FlatLIFSNN,flat_snn,1.0,274,4,0.0006500000000000003,train,1.0618060264587403,0.7993438410758972,0.2624621880054474,0.922,0.9965,2.079639595985413,0.2624621880054474,2217.2805,169088.663
FlatLIFSNN,flat_snn,1.0,274,4,0.0006500000000000003,val,0.8432806301116943,0.5611132502555847,0.2821673834323883,1.0,1.0,1.4845540714263916,0.2821673834323883,2383.75,186710.825
FlatLIFSNN,flat_snn,1.0,274,5,0.0003205771365940052,train,0.9656597604751587,0.7057942190170288,0.2598655381202698,0.96075,0.999,1.846333002090454,0.2598655381202698,2195.344,167915.125
FlatLIFSNN,flat_snn,1.0,274,5,0.0003205771365940052,val,0.807255859375,0.5274112176895142,0.2798446452617645,1.0,1.0,1.51445499420166,0.2798446452617645,2364.1275,186026.38
FlatLIFSNN,flat_snn,1.0,274,6,0.0002,train,0.9148080949783325,0.6562939653396607,0.25851412558555603,0.9785,0.9995,1.7145374364852906,0.25851412558555603,2183.92725,167688.145
FlatLIFSNN,flat_snn,1.0,274,6,0.0002,val,0.789095869064331,0.5118919467926025,0.2772039270401001,1.0,1.0,1.568031439781189,0.2772039270401001,2341.81875,184246.685
CRNNBaseline,crnn,0.0,274,1,0.001879422863405995,train,1.9826363716125488,1.9826363716125488,0.0,0.427,0.7635,11.216170318603515,0.0,0.0,0.0
CRNNBaseline,crnn,0.0,274,1,0.001879422863405995,val,0.8122998332977295,0.8122998332977295,0.0,0.90875,1.0,1.6346493768692016,0.0,0.0,0.0
CRNNBaseline,crnn,0.0,274,2,0.0015500000000000002,train,1.1064234189987183,1.1064234189987183,0.0,0.72025,0.97,3.6200164470672607,0.0,0.0,0.0
CRNNBaseline,crnn,0.0,274,2,0.0015500000000000002,val,0.6288565301895142,0.6288565301895142,0.0,0.9625,1.0,1.3707618045806884,0.0,0.0,0.0
CRNNBaseline,crnn,0.0,274,3,0.0011,train,0.9019953699111939,0.9019953699111939,0.0,0.799,0.9885,2.8639760036468505,0.0,0.0,0.0
CRNNBaseline,crnn,0.0,274,3,0.0011,val,0.5445876908302307,0.5445876908302307,0.0,0.975,1.0,1.4090656852722168,0.0,0.0,0.0
CRNNBaseline,crnn,0.0,274,4,0.0006500000000000003,train,0.785139265537262,0.785139265537262,0.0,0.85725,0.99275,2.5519715518951416,0.0,0.0,0.0
CRNNBaseline,crnn,0.0,274,4,0.0006500000000000003,val,0.46558817267417907,0.46558817267417907,0.0,0.9975,1.0,1.5094668388366699,0.0,0.0,0.0
CRNNBaseline,crnn,0.0,274,5,0.0003205771365940052,train,0.6734679517745972,0.6734679517745972,0.0,0.912,0.9975,2.1486228065490725,0.0,0.0,0.0
CRNNBaseline,crnn,0.0,274,5,0.0003205771365940052,val,0.4507060921192169,0.4507060921192169,0.0,1.0,1.0,1.5744424962997436,0.0,0.0,0.0
CRNNBaseline,crnn,0.0,274,6,0.0002,train,0.6229268760681153,0.6229268760681153,0.0,0.93375,0.998,2.0708264265060423,0.0,0.0,0.0
CRNNBaseline,crnn,0.0,274,6,0.0002,val,0.44233785271644593,0.44233785271644593,0.0,1.0,1.0,1.624894723892212,0.0,0.0,0.0
ConvRecSNN,conv_snn,0.0,275,1,0.001879422863405995,train,1.995283878326416,1.995283878326416,0.0,0.45425,0.82025,9.150115072250367,0.05418612468242645,5836.496,1125862.727
ConvRecSNN,conv_snn,0.0,275,1,0.001879422863405995,val,1.0189226293563842,1.0189226293563842,0.0,0.79,1.0,1.9441752338409424,0.04898639306426048,5276.4225,1018980.63
ConvRecSNN,conv_snn,0.0,275,2,0.0015500000000000002,train,1.0763482928276062,1.0763482928276062,0.0,0.78525,0.988,2.642031376838684,0.051114148259162905,5505.60725,1063153.64
ConvRecSNN,conv_snn,0.0,275,2,0.0015500000000000002,val,0.6822224330902099,0.6822224330902099,0.0,0.95125,1.0,1.4071776485443115,0.048045898973941806,5175.12,998762.355
ConvRecSNN,conv_snn,0.0,275,3,0.0011,train,0.8919842309951782,0.8919842309951782,0.0,0.85225,0.99,2.4002807273864746,0.05166028702259064,5564.433,1073930.79
ConvRecSNN,conv_snn,0.0,275,3,0.0011,val,0.5597527933120727,0.5597527933120727,0.0,0.98625,1.0,1.3155141592025756,0.04996671557426453,5382.015,1039172.885
ConvRecSNN,conv_snn,0.0,275,4,0.0006500000000000003,train,0.7499152717590332,0.7499152717590332,0.0,0.91075,0.9945,2.046786964416504,0.05406930410861969,5823.913,1124643.793
ConvRecSNN,conv_snn,0.0,275,4,0.0006500000000000003,val,0.5053586316108704,0.5053586316108704,0.0,0.995,1.0,1.3678187942504882,0.05218420296907425,5620.865,1085729.05
ConvRecSNN,conv_snn,0.0,275,5,0.0003205771365940052,train,0.6754344367980957,0.6754344367980957,0.0,0.938,0.99525,2.0328862075805665,0.05636127233505249,6070.7855,1172650.868
ConvRecSNN,conv_snn,0.0,275,5,0.0003205771365940052,val,0.4828201913833618,0.4828201913833618,0.0,0.99375,1.0,1.4737998819351197,0.05602043956518173,6034.07375,1165627.9
ConvRecSNN,conv_snn,0.0,275,6,0.0002,train,0.6249556975364685,0.6249556975364685,0.0,0.958,0.99475,1.9726887903213501,0.058810059279203415,6334.54925,1223948.066
ConvRecSNN,conv_snn,0.0,275,6,0.0002,val,0.463372985124588,0.463372985124588,0.0,1.0,1.0,1.5300820684432983,0.05685176566243172,6123.6175,1183525.755
ConvRecSNN,conv_snn,0.03,275,1,0.001879422863405995,train,2.0181761398315428,2.016564691543579,0.001611446845345199,0.4305,0.796,11.466010612487793,0.053714896023273465,5785.739,1115748.203
ConvRecSNN,conv_snn,0.03,275,1,0.001879422863405995,val,0.9696333050727844,0.9681605863571167,0.0014727094396948814,0.89125,1.0,1.6682020664215087,0.04909031629562378,5287.61625,1021183.83
ConvRecSNN,conv_snn,0.03,275,2,0.0015500000000000002,train,1.079700677394867,1.0781742224693298,0.0015264527630060912,0.7785,0.988,2.6687936401367187,0.0508817597925663,5480.57625,1057986.041
ConvRecSNN,conv_snn,0.03,275,2,0.0015500000000000002,val,0.7027938008308411,0.7013482904434204,0.0014455129811540247,0.93875,1.0,1.6071841526031494,0.04818376675248146,5189.97,1003166.325
ConvRecSNN,conv_snn,0.03,275,3,0.0011,train,0.9046236004829407,0.9030997104644776,0.0015238917702808975,0.85575,0.9915,2.3470753154754638,0.05079639330506325,5471.38125,1055951.023
ConvRecSNN,conv_snn,0.03,275,3,0.0011,val,0.6625148677825927,0.6610198140144348,0.0014950520219281316,0.9225,1.0,1.6956823921203614,0.04983506858348846,5367.835,1035878.295
ConvRecSNN,conv_snn,0.03,275,4,0.0006500000000000003,train,0.7618698644638061,0.760287184715271,0.0015826816624030472,0.91475,0.99475,2.084747705459595,0.05275605660676956,5682.4605,1096868.754
ConvRecSNN,conv_snn,0.03,275,4,0.0006500000000000003,val,0.5058373725414276,0.5043281030654907,0.001509269098751247,0.9925,1.0,1.3585941171646119,0.05030897065997124,5418.88,1046661.555
ConvRecSNN,conv_snn,0.03,275,5,0.0003205771365940052,train,0.6714629445075989,0.669820342540741,0.0016426030416041612,0.94775,0.99525,1.9853780689239502,0.05475343596935272,5897.60225,1139373.038
ConvRecSNN,conv_snn,0.03,275,5,0.0003205771365940052,val,0.475120050907135,0.47354202151298525,0.0015780281461775303,1.0,1.0,1.5027829837799072,0.05260093912482262,5665.7525,1094976.255
ConvRecSNN,conv_snn,0.03,275,6,0.0002,train,0.629679916381836,0.6279720683097839,0.0017078487072139977,0.95625,0.9965,2.0104388666152953,0.05692829126119613,6131.86025,1185160.605
ConvRecSNN,conv_snn,0.03,275,6,0.0002,val,0.4694266402721405,0.46778202533721924,0.0016446136729791761,0.9975,1.0,1.5104912996292115,0.054820457100868226,5904.82125,1141927.855
ConvRecSNN,conv_snn,0.1,275,1,0.001879422863405995,train,1.997095022201538,1.9917441158294678,0.005350906331092119,0.4365,0.81125,10.695354650497437,0.05350906217098236,5763.56825,1112409.699
ConvRecSNN,conv_snn,0.1,275,1,0.001879422863405995,val,1.0224024510383607,1.0176245808601379,0.004777874071151018,0.81625,1.0,1.689322829246521,0.04777874022722244,5146.34375,994491.69
ConvRecSNN,conv_snn,0.1,275,2,0.0015500000000000002,train,1.0867822217941283,1.081758957862854,0.00502326013147831,0.76925,0.99,2.5380555114746093,0.050232600778341296,5410.654,1045201.914
ConvRecSNN,conv_snn,0.1,275,2,0.0015500000000000002,val,0.7258709669113159,0.7211376309394837,0.004733337480574846,0.915,1.0,1.6830014324188232,0.0473333740234375,5098.3725,984563.055
ConvRecSNN,conv_snn,0.1,275,3,0.0011,train,0.9214493527412414,0.9164130229949952,0.005036333438009024,0.84425,0.9905,2.413921102523804,0.05036333340406418,5424.7355,1047224.372
ConvRecSNN,conv_snn,0.1,275,3,0.0011,val,0.5894791746139526,0.5846370315551758,0.0048421484977006915,0.9625,1.0,1.4628005599975586,0.04842148408293724,5215.575,1006921.125
ConvRecSNN,conv_snn,0.1,275,4,0.0006500000000000003,train,0.7575829000473022,0.7522790541648865,0.005303845163434744,0.917,0.99375,2.0514643087387086,0.053038450717926025,5712.87775,1103104.527
ConvRecSNN,conv_snn,0.1,275,4,0.0006500000000000003,val,0.5255917870998382,0.5205504834651947,0.005041298773139715,0.98375,1.0,1.3773149585723876,0.05041298672556877,5430.08375,1048870.54
ConvRecSNN,conv_snn,0.1,275,5,0.0003205771365940052,train,0.6785765242576599,0.6730494937896728,0.005527026902884245,0.94325,0.994,1.9907196874618531,0.055270268082618715,5953.27125,1150397.055
ConvRecSNN,conv_snn,0.1,275,5,0.0003205771365940052,val,0.49291507244110105,0.48749446153640746,0.005420607626438141,0.99125,1.0,1.4456013059616089,0.05420607581734657,5838.645,1128675.41
ConvRecSNN,conv_snn,0.1,275,6,0.0002,train,0.632193907737732,0.626388973236084,0.005804936740547419,0.96,0.9965,1.9501031293869018,0.058049366414546964,6252.6135,1208765.898
ConvRecSNN,conv_snn,0.1,275,6,0.0002,val,0.4713038730621338,0.4657115411758423,0.005592329502105713,1.0,1.0,1.4919609546661377,0.05592329412698746,6023.61,1164807.935
ConvRecSNN,conv_snn,0.3,275,1,0.001879422863405995,train,2.0345955085754395,2.0189124908447265,0.015683014698326586,0.45175,0.81375,10.512189045906068,0.05227671355009079,5630.8295,1085241.138
ConvRecSNN,conv_snn,0.3,275,1,0.001879422863405995,val,1.0172111701965332,1.0026723337173462,0.014538832902908326,0.85375,1.0,1.6992451763153076,0.048462774455547336,5220.0225,1006574.49
ConvRecSNN,conv_snn,0.3,275,2,0.0015500000000000002,train,1.0962775611877442,1.0815292654037476,0.014748292289674282,0.794,0.98775,2.595337175369263,0.049160972207784655,5295.22675,1021663.017
ConvRecSNN,conv_snn,0.3,275,2,0.0015500000000000002,val,0.7271889615058899,0.7131642913818359,0.014024670198559762,0.9225,1.0,1.5948393535614014,0.046748898774385456,5035.4175,971314.83
ConvRecSNN,conv_snn,0.3,275,3,0.0011,train,0.9079277167320251,0.8930128593444824,0.014914856545627117,0.85925,0.992,2.333594255447388,0.049716186612844465,5355.03,1033015.789
ConvRecSNN,conv_snn,0.3,275,3,0.0011,val,0.601722674369812,0.5874188613891601,0.014303810708224774,0.97375,1.0,1.3144789838790893,0.047679366767406466,5135.64,990729.27
ConvRecSNN,conv_snn,0.3,275,4,0.0006500000000000003,train,0.7829934701919555,0.7676566467285156,0.015336824208498,0.90575,0.99275,2.1204142255783083,0.051122745126485826,5506.53325,1062739.158
ConvRecSNN,conv_snn,0.3,275,4,0.0006500000000000003,val,0.5519731760025024,0.5372361016273498,0.014737076945602895,0.97625,1.0,1.4165034532546996,0.049123587608337405,5291.2,1021599.525
ConvRecSNN,conv_snn,0.3,275,5,0.0003205771365940052,train,0.7100705413818359,0.6941162366867065,0.015954303443431853,0.936,0.99275,2.0491822481155397,0.05318100926280021,5728.233,1105717.424
ConvRecSNN,conv_snn,0.3,275,5,0.0003205771365940052,val,0.499375,0.4840242099761963,0.01535078976303339,0.99625,1.0,1.426285800933838,0.0511692975461483,5511.5475,1064128.5
ConvRecSNN,conv_snn,0.3,275,6,0.0002,train,0.6532195725440979,0.6368647451400757,0.016354824885725976,0.9625,0.996,1.9810678768157959,0.05451608046889305,5872.03625,1133989.315
ConvRecSNN,conv_snn,0.3,275,6,0.0002,val,0.48345680832862853,0.4676706385612488,0.01578616976737976,0.99875,1.0,1.4763255405426026,0.05262056365609169,5667.86625,1094932.095
ConvRecSNN,conv_snn,1.0,275,1,0.001879422863405995,train,2.0670577907562255,2.016916648864746,0.050141152948141095,0.438,0.7995,11.414480680465699,0.050141152948141095,5400.804,1041111.041
ConvRecSNN,conv_snn,1.0,275,1,0.001879422863405995,val,1.0850358152389525,1.038304271697998,0.046731549352407455,0.82625,1.0,1.6519974327087403,0.046731549352407455,5033.54875,970661.415
ConvRecSNN,conv_snn,1.0,275,2,0.0015500000000000002,train,1.154879557609558,1.1052054271697997,0.04967413219809532,0.769,0.987,2.5499278144836426,0.04967413219809532,5350.50025,1032227.719
ConvRecSNN,conv_snn,1.0,275,2,0.0015500000000000002,val,0.7360241413116455,0.6882739067077637,0.04775023847818374,0.93625,1.0,1.3596093320846558,0.04775023847818374,5143.27375,992689.095
ConvRecSNN,conv_snn,1.0,275,3,0.0011,train,0.9388294410705567,0.8877851076126099,0.051044334381818775,0.8535,0.99025,2.2776874351501464,0.051044334381818775,5498.0875,1060920.968
ConvRecSNN,conv_snn,1.0,275,3,0.0011,val,0.6550735449790954,0.6054098033905029,0.049663743674755095,0.97,1.0,1.3222616147994994,0.049663743674755095,5349.38125,1032763.35
ConvRecSNN,conv_snn,1.0,275,4,0.0006500000000000003,train,0.8338635468482971,0.7796485729217529,0.05421497705578804,0.89525,0.994,2.191270694732666,0.05421497705578804,5839.60375,1126823.699
ConvRecSNN,conv_snn,1.0,275,4,0.0006500000000000003,val,0.5685093307495117,0.5175377249717712,0.050971605628728864,0.98875,1.0,1.3448654651641845,0.050971605628728864,5490.25375,1059699.625
ConvRecSNN,conv_snn,1.0,275,5,0.0003205771365940052,train,0.7523277883529663,0.6961498656272889,0.05617791983485222,0.9315,0.99625,2.0146253042221067,0.05617791983485222,6051.03625,1168010.228
ConvRecSNN,conv_snn,1.0,275,5,0.0003205771365940052,val,0.5662868165969849,0.5113713765144348,0.05491544440388679,0.98375,1.0,1.4463712072372437,0.05491544440388679,5915.0525,1141746.575
ConvRecSNN,conv_snn,1.0,275,6,0.0002,train,0.7158314051628113,0.6576525959968567,0.05817880642414093,0.94075,0.9955,2.0215805168151855,0.05817880642414093,6266.55575,1209914.603
ConvRecSNN,conv_snn,1.0,275,6,0.0002,val,0.5298696422576904,0.4739926540851593,0.05587699025869369,0.99375,1.0,1.4759238862991333,0.05587699025869369,6018.6225,1162412.855
FlatLIFSNN,flat_snn,0.0,275,1,0.001879422863405995,train,2.395965238571167,2.395965238571167,0.0,0.3885,0.761,13.024793176651,0.3125763863325119,2640.64525,214206.242
FlatLIFSNN,flat_snn,0.0,275,1,0.001879422863405995,val,1.334424409866333,1.334424409866333,0.0,0.8025,1.0,1.6488833904266358,0.40699856042861937,3438.32375,267474.34
FlatLIFSNN,flat_snn,0.0,275,2,0.0015500000000000002,train,1.273343246459961,1.273343246459961,0.0,0.763,0.983,3.059624834060669,0.40864353704452516,3452.2205,267470.693
FlatLIFSNN,flat_snn,0.0,275,2,0.0015500000000000002,val,0.8409495306015015,0.8409495306015015,0.0,0.98,1.0,1.3882705545425416,0.41898867845535276,3539.61625,275789.41
FlatLIFSNN,flat_snn,0.0,275,3,0.0011,train,0.9656389493942261,0.9656389493942261,0.0,0.8765,0.9905,2.441134910583496,0.41115439796447756,3473.43225,268367.21
FlatLIFSNN,flat_snn,0.0,275,3,0.0011,val,0.6574226331710815,0.6574226331710815,0.0,0.9875,1.0,1.409929814338684,0.42314661502838136,3574.7425,279406.05
FlatLIFSNN,flat_snn,0.0,275,4,0.0006500000000000003,train,0.80609357213974,0.80609357213974,0.0,0.925,0.99775,2.119408018112183,0.4139336359500885,3496.91125,270578.654
FlatLIFSNN,flat_snn,0.0,275,4,0.0006500000000000003,val,0.5664758515357972,0.5664758515357972,0.0,0.9975,1.0,1.508104124069214,0.4239143991470337,3581.22875,280088.86
FlatLIFSNN,flat_snn,0.0,275,5,0.0003205771365940052,train,0.7146125364303589,0.7146125364303589,0.0,0.96,0.999,1.8692984256744385,0.41424453997612,3499.53775,270878.644
FlatLIFSNN,flat_snn,0.0,275,5,0.0003205771365940052,val,0.531828408241272,0.531828408241272,0.0,1.0,1.0,1.544501314163208,0.424258269071579,3584.13375,280601.69
FlatLIFSNN,flat_snn,0.0,275,6,0.0002,train,0.6653194904327393,0.6653194904327393,0.0,0.97875,1.0,1.79327392578125,0.41496183681488036,3505.5975,271539.66
FlatLIFSNN,flat_snn,0.0,275,6,0.0002,val,0.5174953508377075,0.5174953508377075,0.0,1.0,1.0,1.565658769607544,0.42447858572006225,3585.995,280634.08
FlatLIFSNN,flat_snn,0.03,275,1,0.001879422863405995,train,2.385091710090637,2.3756472177505494,0.009444492330774665,0.40475,0.77525,13.13037739944458,0.31481641745567324,2659.569,216288.726
FlatLIFSNN,flat_snn,0.03,275,1,0.001879422863405995,val,1.3206010913848878,1.3082277965545654,0.01237329114228487,0.8275,0.99875,1.6057552194595337,0.4124430465698242,3484.31875,273520.4
FlatLIFSNN,flat_snn,0.03,275,2,0.0015500000000000002,train,1.2800088605880737,1.267704298019409,0.012304559819400311,0.7685,0.97675,3.140435218811035,0.41015200090408327,3464.964,270027.22
FlatLIFSNN,flat_snn,0.03,275,2,0.0015500000000000002,val,0.8550802850723267,0.8424768280982972,0.012603458128869533,0.9675,1.0,1.4893365383148194,0.4201152777671814,3549.13375,278293.235
FlatLIFSNN,flat_snn,0.03,275,3,0.0011,train,0.9779309883117676,0.9655880756378173,0.012342919148504734,0.86725,0.99,2.481789942741394,0.4114306461811066,3475.766,270147.337
FlatLIFSNN,flat_snn,0.03,275,3,0.0011,val,0.6567534327507019,0.6440881180763245,0.012665314339101315,0.9875,1.0,1.377982325553894,0.4221771550178528,3566.5525,279825.015
FlatLIFSNN,flat_snn,0.03,275,4,0.0006500000000000003,train,0.8093601174354553,0.796987398147583,0.01237271672487259,0.9255,0.9975,2.021791584014893,0.41242389917373656,3484.157,271126.441
FlatLIFSNN,flat_snn,0.03,275,4,0.0006500000000000003,val,0.5761960625648499,0.5634618043899536,0.012734250836074353,0.99875,1.0,1.440074987411499,0.4244750392436981,3585.965,281711.24
FlatLIFSNN,flat_snn,0.03,275,5,0.0003205771365940052,train,0.7237425937652587,0.7113306150436401,0.012411977171897888,0.9525,0.9985,1.8602764492034911,0.4137325813770294,3495.21275,271882.19
FlatLIFSNN,flat_snn,0.03,275,5,0.0003205771365940052,val,0.540647075176239,0.5279231667518616,0.012723899334669114,1.0,1.0,1.5303643894195558,0.4241299891471863,3583.05,281873.905
FlatLIFSNN,flat_snn,0.03,275,6,0.0002,train,0.6784232497215271,0.6659823403358459,0.012440908320248127,0.977,0.9995,1.758858271598816,0.4146969528198242,3503.35975,272939.22
FlatLIFSNN,flat_snn,0.03,275,6,0.0002,val,0.526305525302887,0.5135754442214966,0.012730087228119373,1.0,1.0,1.5570886182785033,0.42433624863624575,3584.7925,282044.16
FlatLIFSNN,flat_snn,0.1,275,1,0.001879422863405995,train,2.400997723579407,2.371181480407715,0.029816230118274688,0.4035,0.80425,12.780097473144531,0.29816229617595674,2518.875,204099.4
FlatLIFSNN,flat_snn,0.1,275,1,0.001879422863405995,val,1.33403470993042,1.295132131576538,0.03890258207917213,0.8475,1.0,2.043045997619629,0.38902581453323365,3286.49,256286.615
FlatLIFSNN,flat_snn,0.1,275,2,0.0015500000000000002,train,1.2780774726867676,1.239294939994812,0.03878253915905953,0.791,0.98225,2.983224884033203,0.38782538414001466,3276.34875,253811.119
FlatLIFSNN,flat_snn,0.1,275,2,0.0015500000000000002,val,0.8472570276260376,0.8073671078681945,0.03988991662859917,0.96625,1.0,1.3486277151107788,0.39889915943145754,3369.9,263825.55
FlatLIFSNN,flat_snn,0.1,275,3,0.0011,train,0.987316119670868,0.9483223810195923,0.03899374032020569,0.868,0.98925,2.4827052268981933,0.38993739485740664,3294.191,254433.637
FlatLIFSNN,flat_snn,0.1,275,3,0.0011,val,0.656609878540039,0.6161061668395996,0.04050371557474136,0.99875,1.0,1.3443739128112793,0.4050371503829956,3421.75375,267199.935
FlatLIFSNN,flat_snn,0.1,275,4,0.0006500000000000003,train,0.8336486349105835,0.794498161315918,0.03915047207474708,0.91775,0.9965,2.1157547130584717,0.3915047161579132,3307.43175,255372.121
FlatLIFSNN,flat_snn,0.1,275,4,0.0006500000000000003,val,0.582043445110321,0.5414277744293213,0.04061566531658173,0.9975,1.0,1.4832737398147584,0.406156644821167,3431.21125,268345.865
FlatLIFSNN,flat_snn,0.1,275,5,0.0003205771365940052,train,0.7359504899978637,0.6966820864677429,0.03926840254664421,0.957,0.9995,1.8679984531402587,0.3926840181350708,3317.3945,256179.901
FlatLIFSNN,flat_snn,0.1,275,5,0.0003205771365940052,val,0.5494912981986999,0.5089371204376221,0.04055417165160179,1.0,1.0,1.568354802131653,0.4055417096614838,3426.01625,268280.63
FlatLIFSNN,flat_snn,0.1,275,6,0.0002,train,0.6852374472618104,0.6460247430801391,0.039212703615427016,0.97825,0.9995,1.728355785369873,0.39212702441215513,3312.689,256028.121
FlatLIFSNN,flat_snn,0.1,275,6,0.0002,val,0.5386177635192871,0.4980434322357178,0.04057433918118477,1.0,1.0,1.6045230627059937,0.4057433843612671,3427.72,268413.15
FlatLIFSNN,flat_snn,0.3,275,1,0.001879422863405995,train,2.5163282499313353,2.438044469833374,0.07828379520773887,0.37775,0.76125,16.163681976318358,0.2609459728598595,2204.4715,180907.814
FlatLIFSNN,flat_snn,0.3,275,1,0.001879422863405995,val,1.453765354156494,1.3460715770721436,0.1076937648653984,0.84625,1.0,2.124487819671631,0.35897920370101927,3032.65625,241629.52
FlatLIFSNN,flat_snn,0.3,275,2,0.0015500000000000002,train,1.405710542678833,1.3012468891143798,0.1044636521935463,0.7625,0.981,3.308919086456299,0.3482121605873108,2941.69625,230939.622
FlatLIFSNN,flat_snn,0.3,275,2,0.0015500000000000002,val,0.9752185249328613,0.8657424330711365,0.10947608083486557,0.96875,1.0,1.3778339052200317,0.3649202537536621,3082.84625,246413.71
FlatLIFSNN,flat_snn,0.3,275,3,0.0011,train,1.0904548616409302,0.9857536001205445,0.10470126831531525,0.8635,0.9885,2.458538523674011,0.3490042135715485,2948.3875,231276.463
FlatLIFSNN,flat_snn,0.3,275,3,0.0011,val,0.7702019309997559,0.6593806409835815,0.11082129687070846,0.99375,1.0,1.3427643775939941,0.3694043076038361,3120.7275,249450.685
FlatLIFSNN,flat_snn,0.3,275,4,0.0006500000000000003,train,0.9160022459030152,0.8109294090270996,0.10507283329963685,0.9225,0.9985,2.0228351554870607,0.3502427628040314,2958.85075,232372.764
FlatLIFSNN,flat_snn,0.3,275,4,0.0006500000000000003,val,0.682244963645935,0.5714102554321289,0.11083470314741134,1.0,1.0,1.442227716445923,0.36944899439811707,3121.105,249343.41
FlatLIFSNN,flat_snn,0.3,275,5,0.0003205771365940052,train,0.8202319169044494,0.7150389313697815,0.10519298565387726,0.9605,0.9995,1.8506139316558838,0.3506432702541351,2962.23425,232882.396
FlatLIFSNN,flat_snn,0.3,275,5,0.0003205771365940052,val,0.6427916169166565,0.5321504044532775,0.11064120888710022,1.0,1.0,1.507914924621582,0.368804018497467,3115.65625,249136.445
FlatLIFSNN,flat_snn,0.3,275,6,0.0002,train,0.7728214125633239,0.6676336035728455,0.10518780952692032,0.97775,1.0,1.7333220405578613,0.35062601685523986,2962.0885,233065.542
FlatLIFSNN,flat_snn,0.3,275,6,0.0002,val,0.6271010303497314,0.5164217782020569,0.1106792512536049,1.0,1.0,1.5597629404067994,0.3689308249950409,3116.7275,249403.055
FlatLIFSNN,flat_snn,1.0,275,1,0.001879422863405995,train,2.7825503091812136,2.6030496072769167,0.1795007165670395,0.33925,0.6815,21.582774230957032,0.1795007165670395,1516.422,128597.211
FlatLIFSNN,flat_snn,1.0,275,1,0.001879422863405995,val,1.6856369495391845,1.4023406028747558,0.2832963514328003,0.80625,1.0,2.3617520427703855,0.2832963514328003,2393.2875,192547.955
FlatLIFSNN,flat_snn,1.0,275,2,0.0015500000000000002,train,1.5661222591400146,1.3009653186798096,0.2651569392681122,0.7745,0.982,3.048059356689453,0.2651569392681122,2240.04575,176460.038
FlatLIFSNN,flat_snn,1.0,275,2,0.0015500000000000002,val,1.1773574447631836,0.8942083120346069,0.28314912915229795,0.95,1.0,1.3828776216506957,0.28314912915229795,2392.04375,193323.36
FlatLIFSNN,flat_snn,1.0,275,3,0.0011,train,1.2443887033462524,0.9820837154388428,0.2623049926757812,0.877,0.99375,2.3754380264282227,0.2623049926757812,2215.9525,175237.676
FlatLIFSNN,flat_snn,1.0,275,3,0.0011,val,0.9605394387245179,0.6812541007995605,0.27928534269332883,0.995,1.0,1.345688304901123,0.27928534269332883,2359.4025,191368.92
FlatLIFSNN,flat_snn,1.0,275,4,0.0006500000000000003,train,1.0639691038131713,0.8055140442848205,0.2584550566673279,0.93925,0.998,1.9429783630371094,0.2584550566673279,2183.42825,173257.824
FlatLIFSNN,flat_snn,1.0,275,4,0.0006500000000000003,val,0.8701934909820557,0.5929829120635987,0.2772105872631073,0.99875,1.0,1.4712776279449462,0.2772105872631073,2341.875,190821.535
FlatLIFSNN,flat_snn,1.0,275,5,0.0003205771365940052,train,0.9764845743179321,0.7185397300720214,0.25794484639167786,0.9665,0.999,1.8069339046478272,0.25794484639167786,2179.118,173976.08
FlatLIFSNN,flat_snn,1.0,275,5,0.0003205771365940052,val,0.8245119976997376,0.5490345072746277,0.2754774880409241,1.0,1.0,1.578499813079834,0.2754774880409241,2327.23375,189819.5
FlatLIFSNN,flat_snn,1.0,275,6,0.0002,train,0.9270373358726501,0.6700381555557251,0.25699918055534365,0.982,0.99975,1.7579412059783937,0.25699918055534365,2171.129,173482.603
FlatLIFSNN,flat_snn,1.0,275,6,0.0002,val,0.8074177718162536,0.5328538036346435,0.27456395626068114,1.0,1.0,1.5960292100906373,0.27456395626068114,2319.51625,189323.515
CRNNBaseline,crnn,0.0,275,1,0.001879422863405995,train,1.961160656929016,1.961160656929016,0.0,0.43875,0.789,12.899999744415283,0.0,0.0,0.0
CRNNBaseline,crnn,0.0,275,1,0.001879422863405995,val,0.8720798063278198,0.8720798063278198,0.0,0.88375,1.0,1.8836281871795655,0.0,0.0,0.0
CRNNBaseline,crnn,0.0,275,2,0.0015500000000000002,train,1.0890902528762818,1.0890902528762818,0.0,0.73075,0.9675,3.4802892723083496,0.0,0.0,0.0
CRNNBaseline,crnn,0.0,275,2,0.0015500000000000002,val,0.6053144454956054,0.6053144454956054,0.0,0.97,1.0,1.453459243774414,0.0,0.0,0.0
CRNNBaseline,crnn,0.0,275,3,0.0011,train,0.9082545671463013,0.9082545671463013,0.0,0.804,0.9805,2.9780867042541503,0.0,0.0,0.0
CRNNBaseline,crnn,0.0,275,3,0.0011,val,0.5249485874176025,0.5249485874176025,0.0,0.97875,1.0,1.3432222175598145,0.0,0.0,0.0
CRNNBaseline,crnn,0.0,275,4,0.0006500000000000003,train,0.8040447721481323,0.8040447721481323,0.0,0.8425,0.988,2.708603322982788,0.0,0.0,0.0
CRNNBaseline,crnn,0.0,275,4,0.0006500000000000003,val,0.5004322981834411,0.5004322981834411,0.0,0.97375,1.0,1.5405503845214843,0.0,0.0,0.0
CRNNBaseline,crnn,0.0,275,5,0.0003205771365940052,train,0.6971954374313355,0.6971954374313355,0.0,0.8945,0.9965,2.304171010971069,0.0,0.0,0.0
CRNNBaseline,crnn,0.0,275,5,0.0003205771365940052,val,0.44638439774513244,0.44638439774513244,0.0,0.99875,1.0,1.5846468162536622,0.0,0.0,0.0
CRNNBaseline,crnn,0.0,275,6,0.0002,train,0.6405783424377441,0.6405783424377441,0.0,0.91925,0.9965,2.1611375541687012,0.0,0.0,0.0
CRNNBaseline,crnn,0.0,275,6,0.0002,val,0.4383576261997223,0.4383576261997223,0.0,1.0,1.0,1.6133172798156739,0.0,0.0,0.0
ConvRecSNN,conv_snn,0.0,276,1,0.001879422863405995,train,2.043964301109314,2.043964301109314,0.0,0.40675,0.7885,11.1340940284729,0.061625265300273895,6637.78075,1281875.491
ConvRecSNN,conv_snn,0.0,276,1,0.001879422863405995,val,1.0403537464141845,1.0403537464141845,0.0,0.84875,0.99625,1.728912091255188,0.054876138120889664,5910.81875,1143147.97
ConvRecSNN,conv_snn,0.0,276,2,0.0015500000000000002,train,1.1195244059562683,1.1195244059562683,0.0,0.75825,0.9905,2.6581775379180907,0.056348374158144,6069.39625,1172607.625
ConvRecSNN,conv_snn,0.0,276,2,0.0015500000000000002,val,0.7255517268180847,0.7255517268180847,0.0,0.9125,1.0,1.5368064880371093,0.05457814499735832,5878.72125,1135637.47
ConvRecSNN,conv_snn,0.0,276,3,0.0011,train,0.9195052523612977,0.9195052523612977,0.0,0.84125,0.99275,2.516743583679199,0.057079611510038375,6148.15925,1187212.945
ConvRecSNN,conv_snn,0.0,276,3,0.0011,val,0.5920415663719177,0.5920415663719177,0.0,0.97,1.0,1.2162061786651612,0.055369363278150556,5963.945,1151458.04
ConvRecSNN,conv_snn,0.0,276,4,0.0006500000000000003,train,0.7762675814628601,0.7762675814628601,0.0,0.901,0.995,2.2672439289093016,0.059369780749082564,6394.838,1235179.225
ConvRecSNN,conv_snn,0.0,276,4,0.0006500000000000003,val,0.5167255163192749,0.5167255163192749,0.0,0.995,1.0,1.3193045520782472,0.05741726726293564,6184.52875,1194706.45
ConvRecSNN,conv_snn,0.0,276,5,0.0003205771365940052,train,0.6969640197753906,0.6969640197753906,0.0,0.93525,0.9965,2.199956889152527,0.061055194556713106,6576.37725,1270924.852
ConvRecSNN,conv_snn,0.0,276,5,0.0003205771365940052,val,0.4847760474681854,0.4847760474681854,0.0,0.99875,1.0,1.3745623016357422,0.05927834019064903,6384.98875,1234217.965
ConvRecSNN,conv_snn,0.0,276,6,0.0002,train,0.6377068462371827,0.6377068462371827,0.0,0.95875,0.997,2.138557035446167,0.06253494596481324,6735.76425,1302482.833
ConvRecSNN,conv_snn,0.0,276,6,0.0002,val,0.46921673774719236,0.46921673774719236,0.0,1.0,1.0,1.4634630870819092,0.060306209027767184,6495.7025,1256215.65
ConvRecSNN,conv_snn,0.03,276,1,0.001879422863405995,train,2.0670409936904908,2.065172006607056,0.0018689725222066046,0.4215,0.79275,11.001629344940186,0.06229908522963524,6710.35925,1295295.579
ConvRecSNN,conv_snn,0.03,276,1,0.001879422863405995,val,1.0715815925598144,1.069966468811035,0.0016151291411370039,0.825,1.0,1.7532069969177246,0.05383763939142227,5798.96,1121197.35
ConvRecSNN,conv_snn,0.03,276,2,0.0015500000000000002,train,1.1607110204696656,1.1590122556686402,0.0016987657360732556,0.73775,0.987,2.87157328414917,0.05662552559375763,6099.24875,1178354.959
ConvRecSNN,conv_snn,0.03,276,2,0.0015500000000000002,val,0.7832596302032471,0.7816562747955322,0.0016033494798466563,0.90625,1.0,1.7700826930999756,0.05344498410820961,5756.66625,1112084.02
ConvRecSNN,conv_snn,0.03,276,3,0.0011,train,0.899892605304718,0.8981475801467895,0.0017450256738811732,0.86,0.994,2.4344959955215453,0.05816752392053604,6265.3405,1210834.254
ConvRecSNN,conv_snn,0.03,276,3,0.0011,val,0.6396008086204529,0.6378987789154053,0.0017020251275971531,0.95125,1.0,1.5820457363128662,0.05673417180776596,6110.95125,1181041.71
ConvRecSNN,conv_snn,0.03,276,4,0.0006500000000000003,train,0.7863717799186707,0.7845814881324769,0.0017902920152992011,0.89425,0.9955,2.370272539138794,0.05967640194296837,6427.86475,1242763.268
ConvRecSNN,conv_snn,0.03,276,4,0.0006500000000000003,val,0.5532041406631469,0.5515309739112854,0.0016731658577919006,0.975,1.0,1.3320198345184326,0.05577219665050506,6007.335,1161894.23
ConvRecSNN,conv_snn,0.03,276,5,0.0003205771365940052,train,0.7030879526138306,0.7012724351882934,0.0018155170576646925,0.93,0.997,2.226037160873413,0.06051723662018776,6518.43275,1260931.247
ConvRecSNN,conv_snn,0.03,276,5,0.0003205771365940052,val,0.4973821747303009,0.49568879246711733,0.0016933787893503903,0.995,1.0,1.3438727235794068,0.056445960998535154,6079.9075,1176931.58
ConvRecSNN,conv_snn,0.03,276,6,0.0002,train,0.6511276612281799,0.6492718582153321,0.0018558040745556355,0.95175,0.99625,2.2132578773498537,0.06186013731360435,6663.07925,1289761.179
ConvRecSNN,conv_snn,0.03,276,6,0.0002,val,0.47804906725883484,0.4763211965560913,0.001727868327870965,1.0,1.0,1.4030773258209228,0.05759561210870743,6203.73875,1201890.67
ConvRecSNN,conv_snn,0.1,276,1,0.001879422863405995,train,2.067622727394104,2.061617413520813,0.006005313899368048,0.41525,0.78375,9.633004758834838,0.060053138166666034,6468.44375,1247808.043
ConvRecSNN,conv_snn,0.1,276,1,0.001879422863405995,val,1.1018430423736572,1.0965782260894776,0.005264821872115136,0.775,1.0,1.7352166414260863,0.05264821767807007,5670.845,1094538.425
ConvRecSNN,conv_snn,0.1,276,2,0.0015500000000000002,train,1.1128798589706421,1.1074397897720336,0.0054400677010416985,0.7735,0.99125,2.668068832397461,0.054400675982236864,5859.60575,1131384.276
ConvRecSNN,conv_snn,0.1,276,2,0.0015500000000000002,val,0.7352891230583191,0.7301304769515992,0.00515864297747612,0.92875,1.0,1.4012050437927246,0.05158642828464508,5556.4775,1072417.51
ConvRecSNN,conv_snn,0.1,276,3,0.0011,train,0.8930944066047668,0.8876130247116089,0.005481382954865694,0.8705,0.993,2.348498945236206,0.05481382849812508,5904.10725,1139627.36
ConvRecSNN,conv_snn,0.1,276,3,0.0011,val,0.592121217250824,0.5867996215820312,0.005321593601256609,0.97125,1.0,1.356513156890869,0.053215935677289966,5731.995,1107226.205
ConvRecSNN,conv_snn,0.1,276,4,0.0006500000000000003,train,0.7762586064338685,0.7705837259292603,0.005674882981926203,0.909,0.995,2.293506525039673,0.05674882885813713,6112.53,1180412.978
ConvRecSNN,conv_snn,0.1,276,4,0.0006500000000000003,val,0.5445361471176148,0.5391210436820983,0.005415096469223499,0.97125,1.0,1.4382933235168458,0.054150963872671126,5832.70875,1126453.57
ConvRecSNN,conv_snn,0.1,276,5,0.0003205771365940052,train,0.6909053120613098,0.6851191878318786,0.005786123581230641,0.93975,0.9955,2.1184572410583495,0.057861235082149506,6232.3495,1204003.529
ConvRecSNN,conv_snn,0.1,276,5,0.0003205771365940052,val,0.4863620972633362,0.4808864736557007,0.005475624781101942,0.9925,1.0,1.428354229927063,0.054756246656179425,5897.905,1140243.205
ConvRecSNN,conv_snn,0.1,276,6,0.0002,train,0.6330819125175476,0.6271747508049011,0.005907163497060538,0.9625,0.99675,2.0500232181549074,0.0590716341137886,6362.724,1230232.349
ConvRecSNN,conv_snn,0.1,276,6,0.0002,val,0.4718181657791138,0.466257221698761,0.005560941491276026,1.0,1.0,1.4843210983276367,0.05560941323637962,5989.80125,1158725.255
ConvRecSNN,conv_snn,0.3,276,1,0.001879422863405995,train,2.0957258796691893,2.0781071405410767,0.017618739932775497,0.40275,0.77675,9.470379402160644,0.058729130208492276,6325.83225,1220111.554
ConvRecSNN,conv_snn,0.3,276,1,0.001879422863405995,val,1.116334652900696,1.1013292264938355,0.015005431361496449,0.8275,1.0,2.2306947708129883,0.05001810267567634,5387.55,1039698.35
ConvRecSNN,conv_snn,0.3,276,2,0.0015500000000000002,train,1.1621928110122681,1.1465480480194092,0.0156447633728385,0.74925,0.99075,2.917081428527832,0.052149209290742876,5617.09575,1084366.93
ConvRecSNN,conv_snn,0.3,276,2,0.0015500000000000002,val,0.7612397623062134,0.7462919378280639,0.01494782280176878,0.925,1.0,1.781244945526123,0.04982607424259186,5366.86625,1036248.18
ConvRecSNN,conv_snn,0.3,276,3,0.0011,train,0.9154206132888794,0.8993982343673707,0.016022379398345946,0.85675,0.994,2.370952486038208,0.05340792909264565,5752.675,1110634.446
ConvRecSNN,conv_snn,0.3,276,3,0.0011,val,0.6122464799880981,0.5969174098968506,0.0153290756046772,0.97,1.0,1.365613842010498,0.051096916943788526,5503.75125,1062591.805
ConvRecSNN,conv_snn,0.3,276,4,0.0006500000000000003,train,0.7999823923110962,0.7836637363433838,0.016318657770752906,0.9005,0.99475,2.256736738204956,0.05439552345871925,5859.05075,1131156.244
ConvRecSNN,conv_snn,0.3,276,4,0.0006500000000000003,val,0.5343314814567566,0.518714370727539,0.01561711125075817,0.98875,1.0,1.2460789918899535,0.052057034969329834,5607.1675,1083389.595
ConvRecSNN,conv_snn,0.3,276,5,0.0003205771365940052,train,0.7037971215248108,0.6869194211959839,0.016877701953053475,0.94175,0.997,2.0337531356811525,0.05625900414586067,6059.77,1170727.04
ConvRecSNN,conv_snn,0.3,276,5,0.0003205771365940052,val,0.496060688495636,0.48012187957763675,0.01593880958855152,0.99875,1.0,1.4269315576553345,0.05312936246395111,5722.67,1106113.97
ConvRecSNN,conv_snn,0.3,276,6,0.0002,train,0.6551838684082031,0.6379060325622559,0.01727783428132534,0.95625,0.99725,1.9918232564926148,0.057592778444290164,6203.4335,1199133.264
ConvRecSNN,conv_snn,0.3,276,6,0.0002,val,0.4796675181388855,0.4635102689266205,0.016157246232032775,0.99875,1.0,1.4640677452087403,0.053857485055923464,5801.0975,1121982.505
ConvRecSNN,conv_snn,1.0,276,1,0.001879422863405995,train,2.189595585823059,2.1331707630157473,0.05642481678724289,0.385,0.74825,11.370065940856934,0.05642481678724289,6077.63,1171695.492
ConvRecSNN,conv_snn,1.0,276,1,0.001879422863405995,val,1.140955729484558,1.090610237121582,0.05034550353884697,0.73,1.0,1.8013902378082276,0.05034550353884697,5422.815,1046764.03
ConvRecSNN,conv_snn,1.0,276,2,0.0015500000000000002,train,1.2144504299163819,1.162185767173767,0.05226466292142868,0.738,0.9895,2.861648584365845,0.05226466292142868,5629.5315,1086461.831
ConvRecSNN,conv_snn,1.0,276,2,0.0015500000000000002,val,0.8855997467041016,0.8350522899627686,0.050547454208135605,0.84875,1.0,1.9395404529571534,0.050547454208135605,5444.5675,1050461.05
ConvRecSNN,conv_snn,1.0,276,3,0.0011,train,1.0115832715034485,0.9575206956863404,0.054062575250864026,0.8315,0.9895,2.597027174949646,0.054062575250864026,5823.18825,1123496.995
ConvRecSNN,conv_snn,1.0,276,3,0.0011,val,0.7196070957183838,0.6689264154434205,0.05068067997694015,0.93125,1.0,1.5099768114089966,0.05068067997694015,5458.9175,1053775.585
ConvRecSNN,conv_snn,1.0,276,4,0.0006500000000000003,train,0.8635030727386475,0.8086122169494628,0.054890855848789215,0.8965,0.993,2.296431688308716,0.054890855848789215,5912.404,1141056.03
ConvRecSNN,conv_snn,1.0,276,4,0.0006500000000000003,val,0.6333597946166992,0.582577555179596,0.050782234966754915,0.9575,1.0,1.404588499069214,0.050782234966754915,5469.85625,1056311.225
ConvRecSNN,conv_snn,1.0,276,5,0.0003205771365940052,train,0.7910522651672364,0.73503750705719,0.05601476263999939,0.92325,0.99475,2.2579712963104246,0.05601476263999939,6033.46225,1164794.904
ConvRecSNN,conv_snn,1.0,276,5,0.0003205771365940052,val,0.5827037453651428,0.5301873397827148,0.052516407668590545,0.985,1.0,1.315644965171814,0.052516407668590545,5656.6475,1092854.355
ConvRecSNN,conv_snn,1.0,276,6,0.0002,train,0.7442439365386962,0.6866891341209411,0.0575548021197319,0.9405,0.9945,2.1824744262695313,0.0575548021197319,6199.343,1197364.913
ConvRecSNN,conv_snn,1.0,276,6,0.0002,val,0.5487343263626099,0.49475964546203616,0.05397468388080597,0.99875,1.0,1.2992322540283203,0.05397468388080597,5813.72125,1123237.08
FlatLIFSNN,flat_snn,0.0,276,1,0.001879422863405995,train,2.404919759750366,2.404919759750366,0.0,0.3875,0.73325,14.247184539794922,0.30507671332359315,2577.288,211047.471
FlatLIFSNN,flat_snn,0.0,276,1,0.001879422863405995,val,1.2859851980209351,1.2859851980209351,0.0,0.84875,1.0,2.218692493438721,0.3982266628742218,3364.21875,264989.41
FlatLIFSNN,flat_snn,0.0,276,2,0.0015500000000000002,train,1.2747875347137452,1.2747875347137452,0.0,0.74825,0.97375,3.6456884269714354,0.3962511966228485,3347.53,261276.324
FlatLIFSNN,flat_snn,0.0,276,2,0.0015500000000000002,val,0.8322887420654297,0.8322887420654297,0.0,0.94875,0.99875,1.8901243686676026,0.41000341176986693,3463.70875,271785.415
FlatLIFSNN,flat_snn,0.0,276,3,0.0011,train,0.9593849592208862,0.9593849592208862,0.0,0.8695,0.98925,2.619499614715576,0.40028395295143127,3381.59875,262231.882
FlatLIFSNN,flat_snn,0.0,276,3,0.0011,val,0.6237174773216247,0.6237174773216247,0.0,0.9975,1.0,1.4043726539611816,0.41470882058143616,3503.46,275011.495
FlatLIFSNN,flat_snn,0.0,276,4,0.0006500000000000003,train,0.7982168893814087,0.7982168893814087,0.0,0.92025,0.997,2.206299592971802,0.4029075074195862,3403.7625,263920.337
FlatLIFSNN,flat_snn,0.0,276,4,0.0006500000000000003,val,0.5546597290039063,0.5546597290039063,0.0,0.9975,1.0,1.5010340213775635,0.4145612978935242,3502.21375,274856.805
FlatLIFSNN,flat_snn,0.0,276,5,0.0003205771365940052,train,0.7087875652313232,0.7087875652313232,0.0,0.9545,0.999,1.97250648021698,0.40358059215545655,3409.44875,264176.815
FlatLIFSNN,flat_snn,0.0,276,5,0.0003205771365940052,val,0.5236706733703613,0.5236706733703613,0.0,0.99875,1.0,1.5788883876800537,0.41644636034965515,3518.13875,275881.48
FlatLIFSNN,flat_snn,0.0,276,6,0.0002,train,0.6596636075973511,0.6596636075973511,0.0,0.976,0.9995,1.83408544921875,0.4051571791172028,3422.76775,265267.685
FlatLIFSNN,flat_snn,0.0,276,6,0.0002,val,0.5077450895309448,0.5077450895309448,0.0,1.0,1.0,1.6170084810256957,0.4169023859500885,3521.99125,276222.225
FlatLIFSNN,flat_snn,0.03,276,1,0.001879422863405995,train,2.4111060371398927,2.4021165256500243,0.008989503694698215,0.3855,0.747,15.362200019836425,0.29965013039112093,2531.44425,205932.123
FlatLIFSNN,flat_snn,0.03,276,1,0.001879422863405995,val,1.3067962408065796,1.295146141052246,0.011650084331631661,0.84375,1.0,2.6014680671691894,0.3883361554145813,3280.66375,255383.65
FlatLIFSNN,flat_snn,0.03,276,2,0.0015500000000000002,train,1.278794569015503,1.2670790672302246,0.011715499974787236,0.75875,0.97225,3.698236961364746,0.3905166718959808,3299.08475,254399.339
FlatLIFSNN,flat_snn,0.03,276,2,0.0015500000000000002,val,0.8372911429405212,0.8251892185211182,0.01210192658007145,0.965,1.0,1.629627184867859,0.4033975613117218,3407.9025,263518.435
FlatLIFSNN,flat_snn,0.03,276,3,0.0011,train,0.963865149974823,0.952044451713562,0.011820699661970139,0.87225,0.9905,2.544743440628052,0.3940233318805695,3328.709,254800.169
FlatLIFSNN,flat_snn,0.03,276,3,0.0011,val,0.6460180878639221,0.6338360404968262,0.012182053625583649,0.9975,1.0,1.399771032333374,0.4060684633255005,3430.46625,264751.745
FlatLIFSNN,flat_snn,0.03,276,4,0.0006500000000000003,train,0.8167452926635742,0.804894558429718,0.01185073695331812,0.911,0.99375,2.2147742252349856,0.3950245730876923,3337.1675,255007.799
FlatLIFSNN,flat_snn,0.03,276,4,0.0006500000000000003,val,0.573147006034851,0.5609259343147278,0.012221076004207134,0.995,1.0,1.5193854141235352,0.4073692083358765,3441.455,265460.025
FlatLIFSNN,flat_snn,0.03,276,5,0.0003205771365940052,train,0.7196842913627625,0.7077897052764892,0.01189458367228508,0.95725,0.9985,1.8993371658325195,0.3964861330986023,3349.51475,255746.309
FlatLIFSNN,flat_snn,0.03,276,5,0.0003205771365940052,val,0.53676855802536,0.5245125579833985,0.012255997098982334,1.0,1.0,1.5738018035888672,0.40853324651718137,3451.28875,266378.46
FlatLIFSNN,flat_snn,0.03,276,6,0.0002,train,0.6763520579338074,0.664402382850647,0.01194967781752348,0.97375,0.999,1.836029251098633,0.39832260298728944,3365.02925,257049.019
FlatLIFSNN,flat_snn,0.03,276,6,0.0002,val,0.5227361297607422,0.5104722309112549,0.012263898365199566,1.0,1.0,1.6129352998733522,0.40879662036895753,3453.51375,266582.415
FlatLIFSNN,flat_snn,0.1,276,1,0.001879422863405995,train,2.457757122993469,2.4297222537994383,0.02803486452996731,0.38675,0.76025,19.038707931518555,0.2803486401438713,2368.38525,191900.449
FlatLIFSNN,flat_snn,0.1,276,1,0.001879422863405995,val,1.328346562385559,1.290278239250183,0.038068316876888275,0.87,1.0,2.6570426845550537,0.38068316102027894,3216.01125,250979.95
FlatLIFSNN,flat_snn,0.1,276,2,0.0015500000000000002,train,1.280906301498413,1.243054133415222,0.03785217118263245,0.78425,0.979,3.382707763671875,0.37852170276641844,3197.75125,246331.17
FlatLIFSNN,flat_snn,0.1,276,2,0.0015500000000000002,val,0.8476206660270691,0.8082955288887024,0.039325137585401536,0.98,1.0,1.3142366123199463,0.3932513701915741,3322.1875,257092.75
FlatLIFSNN,flat_snn,0.1,276,3,0.0011,train,0.9762042813301086,0.9382259392738342,0.037978342920541766,0.8785,0.99125,2.48682820892334,0.3797834215164185,3208.41025,245288.94
FlatLIFSNN,flat_snn,0.1,276,3,0.0011,val,0.6751305961608887,0.6356703042984009,0.039460289031267165,0.9825,1.0,1.4224184083938598,0.39460288047790526,3333.605,258251.74
FlatLIFSNN,flat_snn,0.1,276,4,0.0006500000000000003,train,0.8382288465499877,0.8002443542480469,0.03798449221253395,0.91575,0.99575,2.2048322315216065,0.3798449151515961,3208.92975,245513.791
FlatLIFSNN,flat_snn,0.1,276,4,0.0006500000000000003,val,0.5874535083770752,0.5479832029342652,0.03947030544281006,1.0,1.0,1.498376088142395,0.39470304489135744,3334.45125,258396.285
FlatLIFSNN,flat_snn,0.1,276,5,0.0003205771365940052,train,0.737389741897583,0.6993305740356446,0.038059169560670854,0.9605,0.99875,1.9221209754943849,0.3805916883945465,3215.2385,245874.49
FlatLIFSNN,flat_snn,0.1,276,5,0.0003205771365940052,val,0.5547147583961487,0.5152934908866882,0.03942127093672752,1.0,1.0,1.5789335346221924,0.3942126977443695,3330.30875,258081.21
FlatLIFSNN,flat_snn,0.1,276,6,0.0002,train,0.6919993262290954,0.6539067878723145,0.03809253850579262,0.97425,0.99975,1.8197099599838258,0.38092537760734557,3218.0575,246288.866
FlatLIFSNN,flat_snn,0.1,276,6,0.0002,val,0.5423235082626343,0.5028914642333985,0.03943204209208488,1.0,1.0,1.612263216972351,0.3943204140663147,3331.21875,258209.19
FlatLIFSNN,flat_snn,0.3,276,1,0.001879422863405995,train,2.4583002977371216,2.3792603073120118,0.07903999137878417,0.4,0.753,15.833226894378662,0.26346662640571594,2225.766,181591.133
FlatLIFSNN,flat_snn,0.3,276,1,0.001879422863405995,val,1.3393572664260864,1.2315612602233887,0.10779599577188492,0.8775,1.0,2.154007740020752,0.35931997299194335,3035.535,238184.6
FlatLIFSNN,flat_snn,0.3,276,2,0.0015500000000000002,train,1.3287111186981202,1.2243540959358215,0.10435702121257782,0.77875,0.97625,3.369108594894409,0.3478567228317261,2938.6935,226735.821
FlatLIFSNN,flat_snn,0.3,276,2,0.0015500000000000002,val,0.8933932328224182,0.7838144826889039,0.10957875400781632,0.98125,1.0,1.2156395292282105,0.36526249766349794,3085.7375,241875.015
FlatLIFSNN,flat_snn,0.3,276,3,0.0011,train,1.0387679719924927,0.9346742396354675,0.10409373044967651,0.872,0.9905,2.4115544033050536,0.34697908687591555,2931.27925,225830.589
FlatLIFSNN,flat_snn,0.3,276,3,0.0011,val,0.724787929058075,0.6152830028533935,0.10950493663549424,0.99875,1.0,1.3062242364883423,0.36501643657684324,3083.65875,242738.925
FlatLIFSNN,flat_snn,0.3,276,4,0.0006500000000000003,train,0.8836030855178832,0.7802226076126099,0.10338047701120377,0.926,0.99575,2.094043067932129,0.34460157561302185,2911.194,224770.593
FlatLIFSNN,flat_snn,0.3,276,4,0.0006500000000000003,val,0.6491068124771118,0.5400925135612488,0.10901430130004883,1.0,1.0,1.4901406955718994,0.3633809876441956,3069.8425,242294.785
FlatLIFSNN,flat_snn,0.3,276,5,0.0003205771365940052,train,0.8007023048400879,0.6973724637031555,0.1033298369050026,0.95725,0.99775,1.938004511833191,0.34443277478218076,2909.768,225029.987
FlatLIFSNN,flat_snn,0.3,276,5,0.0003205771365940052,val,0.6208765172958374,0.5119105911254883,0.1089659172296524,1.0,1.0,1.566361789703369,0.3632197058200836,3068.48,242458.6
FlatLIFSNN,flat_snn,0.3,276,6,0.0002,train,0.7514988007545471,0.6481794109344482,0.10331938809156418,0.9755,0.9995,1.794640911102295,0.344397944688797,2909.47375,225372.605
FlatLIFSNN,flat_snn,0.3,276,6,0.0002,val,0.607489309310913,0.4988084590435028,0.1086808505654335,1.0,1.0,1.6130189514160156,0.3622694849967957,3060.4525,242135.225
FlatLIFSNN,flat_snn,1.0,276,1,0.001879422863405995,train,2.7527725076675416,2.57159663772583,0.18117587500810622,0.35925,0.693,23.636736862182616,0.18117587500810622,1530.57375,128012.863
FlatLIFSNN,flat_snn,1.0,276,1,0.001879422863405995,val,1.6261996555328369,1.3404215097427368,0.28577815055847167,0.85125,1.0,3.4790376949310304,0.28577815055847167,2414.25375,190958.235
FlatLIFSNN,flat_snn,1.0,276,2,0.0015500000000000002,train,1.5272529792785645,1.264157389640808,0.2630955934524536,0.766,0.9815,3.426203254699707,0.2630955934524536,2222.6315,171322.02
FlatLIFSNN,flat_snn,1.0,276,2,0.0015500000000000002,val,1.1350927066802978,0.8516367053985596,0.283456004858017,0.96875,1.0,1.4974252319335937,0.283456004858017,2394.63625,188355.885
FlatLIFSNN,flat_snn,1.0,276,3,0.0011,train,1.2236838331222535,0.9644246673583985,0.25925918078422544,0.86925,0.99125,2.581694338798523,0.25925918078422544,2190.2215,168225.376
FlatLIFSNN,flat_snn,1.0,276,3,0.0011,val,0.9260201168060302,0.6454439377784729,0.28057618021965025,0.9975,1.0,1.2931662797927856,0.28057618021965025,2370.3075,187180.935
FlatLIFSNN,flat_snn,1.0,276,4,0.0006500000000000003,train,1.0549628410339356,0.797942626953125,0.257020220041275,0.92725,0.99775,2.099329637527466,0.257020220041275,2171.30675,167687.827
FlatLIFSNN,flat_snn,1.0,276,4,0.0006500000000000003,val,0.8437198948860168,0.5660137748718261,0.27770611763000486,1.0,1.0,1.457991075515747,0.27770611763000486,2346.06125,186413.295
FlatLIFSNN,flat_snn,1.0,276,5,0.0003205771365940052,train,0.9540858464241028,0.6989485239982605,0.25513731837272646,0.96575,0.99975,1.8103475704193115,0.25513731837272646,2155.4,166979.783
FlatLIFSNN,flat_snn,1.0,276,5,0.0003205771365940052,val,0.8057235169410706,0.5312656426429748,0.27445786476135253,0.99875,1.0,1.537477469444275,0.27445786476135253,2318.62,184366.145
FlatLIFSNN,flat_snn,1.0,276,6,0.0002,train,0.9129367094039917,0.6593250780105591,0.25361162996292114,0.978,1.0,1.7746321449279785,0.25361162996292114,2142.511,166511.57
FlatLIFSNN,flat_snn,1.0,276,6,0.0002,val,0.7892832851409912,0.5161224770545959,0.27316081285476684,1.0,1.0,1.5732189226150513,0.27316081285476684,2307.6625,183712.12
CRNNBaseline,crnn,0.0,276,1,0.001879422863405995,train,1.976076801300049,1.976076801300049,0.0,0.42725,0.7795,13.767555194854737,0.0,0.0,0.0
CRNNBaseline,crnn,0.0,276,1,0.001879422863405995,val,0.8883060121536255,0.8883060121536255,0.0,0.885,1.0,1.8796264934539795,0.0,0.0,0.0
CRNNBaseline,crnn,0.0,276,2,0.0015500000000000002,train,1.154539192199707,1.154539192199707,0.0,0.69975,0.961,3.9508983764648438,0.0,0.0,0.0
CRNNBaseline,crnn,0.0,276,2,0.0015500000000000002,val,0.6508499455451965,0.6508499455451965,0.0,0.93875,1.0,1.5940270328521728,0.0,0.0,0.0
CRNNBaseline,crnn,0.0,276,3,0.0011,train,0.9571874809265136,0.9571874809265136,0.0,0.78425,0.9745,3.3393073978424073,0.0,0.0,0.0
CRNNBaseline,crnn,0.0,276,3,0.0011,val,0.5506084871292114,0.5506084871292114,0.0,0.9725,1.0,1.471521520614624,0.0,0.0,0.0
CRNNBaseline,crnn,0.0,276,4,0.0006500000000000003,train,0.8030131483078002,0.8030131483078002,0.0,0.84625,0.99025,2.6260079498291016,0.0,0.0,0.0
CRNNBaseline,crnn,0.0,276,4,0.0006500000000000003,val,0.4686717963218689,0.4686717963218689,0.0,0.99875,1.0,1.5065605640411377,0.0,0.0,0.0
CRNNBaseline,crnn,0.0,276,5,0.0003205771365940052,train,0.7135512142181396,0.7135512142181396,0.0,0.89075,0.99425,2.3422528114318846,0.0,0.0,0.0
CRNNBaseline,crnn,0.0,276,5,0.0003205771365940052,val,0.45753515481948853,0.45753515481948853,0.0,1.0,1.0,1.5277170658111572,0.0,0.0,0.0
CRNNBaseline,crnn,0.0,276,6,0.0002,train,0.6492875337600708,0.6492875337600708,0.0,0.922,0.9965,2.1503900566101075,0.0,0.0,0.0
CRNNBaseline,crnn,0.0,276,6,0.0002,val,0.44624135017395017,0.44624135017395017,0.0,1.0,1.0,1.6072720909118652,0.0,0.0,0.0
